{"cameraMode":{"drawMode":0,"name":"Shaded","section":"Shading Mode"},"sceneLighting":true,"audioPlay":false,"sceneViewState":{"m_AlwaysRefresh":false,"showFog":true,"showSkybox":true,"showFlares":true,"showImageEffects":true,"showParticleSystems":true,"showVisualEffectGraphs":true,"m_FxEnabled":true},"in2DMode":false,"pivot":{"x":649.5537109375,"y":316.51739501953127,"z":815.2449340820313},"rotation":{"x":-0.04468211531639099,"y":0.007156125269830227,"z":0.0005404565599747002,"w":0.9991157650947571},"size":770.3731689453125,"orthographic":false}