{"cameraMode":{"drawMode":0,"name":"Shaded","section":"Shading Mode"},"sceneLighting":true,"audioPlay":false,"sceneViewState":{"m_AlwaysRefresh":false,"showFog":true,"showSkybox":true,"showFlares":true,"showImageEffects":true,"showParticleSystems":true,"showVisualEffectGraphs":true,"m_FxEnabled":true},"in2DMode":false,"pivot":{"x":596.8234252929688,"y":316.1876525878906,"z":324.72943115234377},"rotation":{"x":-0.02219059132039547,"y":0.014665909111499787,"z":0.0004575714410748333,"w":0.9997810125350952},"size":530.3456420898438,"orthographic":false}